{
  "preferredConnectionId": "0bc7add1911a4539828010678e4cb807",
  "connections": [
    {
      "id": "0bc7add1911a4539828010678e4cb807",
      "name": "Enfarious",
      "host": "localhost",
      "port": 3100,
      "useTls": false,
      "accountName": "Enfarious",
      "password": "spirits6346",
      "characterName": "Enfarious",
      "authMethod": "guest",
      "autoLoginOverride": null,
      "settings": {
        "theme": null,
        "customTheme": null,
        "chatStyle": null,
        "combatDisplay": null,
        "navRingStyle": null,
        "navRingTheme": null,
        "keyBindings": null
      },
      "characterSettings": {}
    }
  ]
}